{
  "means": [
    -0.5017281155208633,
    -0.5673834102787478,
    -0.0720027940802792,
    -0.19627201841568742,
    -0.2118904435146151,
    10.781590881186174,
    70.68168391440696,
    1.0270318794053992,
    11.48999295278365,
    1.0040873854827344,
    0.020008199508437147,
    0.9987299958906306,
    -51.96639038938499,
    0.0036557114690666938,
    1.0627202255109232
  ],
  "stds": [
    28.00560965526104,
    27.145989484566826,
    6.187375872892769,
    12.188174302290216,
    19.28211723446128,
    2.863254043623443,
    34.59359014207733,
    0.6849795207752776,
    7.115398734736084,
    0.8365236857312391,
    0.005756010521534429,
    0.41049243892571524,
    2688.606068622701,
    0.6786495230665881,
    0.408522579088116
  ]
}